<?xml version="1.0" encoding="utf-8" ?>
<Defs>

    <WorkGiverDef>
        <defName>UpgradeTurrets</defName>
        <label>upgrade turrets</label>
        <giverClass>TurretExtensions.WorkGiver_UpgradeTurret</giverClass>
        <workType>Construction</workType>
        <verb>upgrade</verb>
        <gerund>upgrading</gerund>
        <priorityInType>49</priorityInType>
        <requiredCapacities>
            <li>Manipulation</li>
        </requiredCapacities>
        <prioritizeSustains>true</prioritizeSustains>
    </WorkGiverDef>

</Defs>